title,app_name
Sam &amp; Max 101: Culture Shock,Sam & Max 101: Culture Shock
Sam &amp; Max 102: Situation: Comedy,Sam & Max 102: Situation: Comedy
Command &amp; Conquer: Red Alert 3,Command & Conquer: Red Alert 3
Heroes of Might &amp; Magic V: Hammers of Fate,Heroes of Might & Magic V: Hammers of Fate
Heroes of Might &amp; Magic V: Tribes of the East,Heroes of Might & Magic V: Tribes of the East
Empire: Total War™ - Special Forces Units &amp; Bonus Content,Empire: Total War™ - Special Forces Units & Bonus Content
Guild Wars Nightfall®,Guild Wars Nightfall
Guild Wars® Game of the Year Edition,Guild Wars
Guild Wars Factions®,Guild Wars Factions
Train Simulator: Colton &amp; Northern Route Add-On,Train Simulator: Colton & Northern Route Add-On
Train Simulator: US Loco &amp; Asset Pack,Train Simulator: US Loco & Asset Pack
Train Simulator: European Loco &amp; Asset Pack,Train Simulator: European Loco & Asset Pack
Command &amp; Conquer: Red Alert 3 - Uprising,Command & Conquer: Red Alert 3 - Uprising
Command &amp; Conquer 3: Tiberium Wars,Command & Conquer 3: Tiberium Wars
Command &amp; Conquer 3: Kane's Wrath,Command & Conquer 3: Kane's Wrath
Mount &amp; Blade: Warband,Mount & Blade: Warband
Sam &amp; Max: The Devil’s Playhouse,Sam & Max: The Devil’s Playhouse
Kane &amp; Lynch 2: Dog Days,Kane & Lynch 2: Dog Days
Kane &amp; Lynch 2: The Doggie Bag,Kane & Lynch 2: The Doggie Bag
Kane &amp; Lynch 2: Multiplayer Masks Pack,Kane & Lynch 2: Multiplayer Masks Pack
Kane &amp; Lynch 2: Alliance Weapon Pack,Kane & Lynch 2: Alliance Weapon Pack
Train Simulator: Green &amp; Gold HST DMU Add-On,Train Simulator: Green & Gold HST DMU Add-On
Pat &amp; Mat,Pat & Mat
ToeJam &amp; Earl,ToeJam & Earl
Sonic 3 &amp;  Knuckles,Sonic 3 &  Knuckles
Guardians of Graxia: Elves &amp; Dwarves,Guardians of Graxia: Elves & Dwarves
Spectromancer - Truth &amp; Beauty,Spectromancer - Truth & Beauty
Might &amp; Magic: Heroes VI,Might & Magic: Heroes VI
"Jamestown: Gunpowder, Treason, &amp; Plot","Jamestown: Gunpowder, Treason, & Plot"
Flatout 3: Chaos &amp; Destruction,Flatout 3: Chaos & Destruction
Dungeon Defenders The Great Turkey Hunt! Mission &amp; Costumes,Dungeon Defenders The Great Turkey Hunt! Mission & Costumes
Hearts of Iron III: Dies Irae Stars &amp; Stripes Spritepack,Hearts of Iron III: Dies Irae Stars & Stripes Spritepack
ToeJam &amp; Earl in Panic on Funkotron,ToeJam & Earl in Panic on Funkotron
Crazy Machines Elements DLC - Collision Course &amp; Mental Activity,Crazy Machines Elements DLC - Collision Course & Mental Activity
Dungeons &amp; Dragons Online® Menace of the Underdark™,Dungeons & Dragons Online® Menace of the Underdark™
Dungeons &amp; Dragons Online®,Dungeons & Dragons Online®
Might &amp; Magic: Heroes VI - Pirates of the Savage Sea Adventure Pack,Might & Magic: Heroes VI - Pirates of the Savage Sea Adventure Pack
Might &amp; Magic: Heroes VI - Danse Macabre Adventure Pack,Might & Magic: Heroes VI - Danse Macabre Adventure Pack
Edna &amp; Harvey: Harvey's New Eyes,Edna & Harvey: Harvey's New Eyes
Painkiller Hell &amp; Damnation: Satan Claus DLC,Painkiller Hell & Damnation: Satan Claus DLC
Dungeons &amp; Dragons Online® Catacombs Starter Pack,Dungeons & Dragons Online® Catacombs Starter Pack
Demolition Inc - Level &amp; Weapon DLC,Demolition Inc - Level & Weapon DLC
Papo &amp; Yo Soundtrack,Papo & Yo Soundtrack
Papo &amp; Yo,Papo & Yo
Painkiller Hell &amp; Damnation: Full Metal Rocket,Painkiller Hell & Damnation: Full Metal Rocket
Train Simulator: SP&amp;S E-1 Class 'Northern' Loco Add-On,Train Simulator: SP&S E-1 Class 'Northern' Loco Add-On
Dungeons &amp; Dragons: Chronicles of Mystara,Dungeons & Dragons: Chronicles of Mystara
Pac-Man Championship Edition DX+: Championship III &amp; Highway II Courses,Pac-Man Championship Edition DX+: Championship III & Highway II Courses
Painkiller Hell &amp; Damnation: Demonic Vacation at the Blood Sea,Painkiller Hell & Damnation: Demonic Vacation at the Blood Sea
Assassin’s Creed® IV Black Flag™ - Crusader &amp; Florentine Pack,Assassin’s Creed® IV Black Flag™ - Crusader & Florentine Pack
The Bureau: XCOM Declassified - Hangar 6 R&amp;D,The Bureau: XCOM Declassified - Hangar 6 R&D
Painkiller Hell &amp; Damnation: City Critters,Painkiller Hell & Damnation: City Critters
Cube &amp; Star: An Arbitrary Love,Cube & Star: An Arbitrary Love
Dominique Pamplemousse: Soundtrack &amp; Sheet Music,Dominique Pamplemousse: Soundtrack & Sheet Music
ComiPo! Summer Uniform &amp; Sportswear,ComiPo! Summer Uniform & Sportswear
Fantasy Grounds - C&amp;C Castle Keeper's Guide,Fantasy Grounds - C&C Castle Keeper's Guide
DreadOut Soundtrack &amp; Manga DLC,DreadOut Soundtrack & Manga DLC
Richard &amp; Alice,Richard & Alice
Steel &amp; Steam: Episode 1,Steel & Steam: Episode 1
Scooby Doo! &amp; Looney Tunes Cartoon Universe: Adventure,Scooby Doo! & Looney Tunes Cartoon Universe: Adventure
DW8XLCE - NEW STAGE &amp; CAMP SYMBOL PACK,DW8XLCE - NEW STAGE & CAMP SYMBOL PACK
DW8XLCE - WEAPON SYSTEM &amp; UPGRADE PACK,DW8XLCE - WEAPON SYSTEM & UPGRADE PACK
DW8XLCE - NEW STAGE &amp; ANIMAL PACK,DW8XLCE - NEW STAGE & ANIMAL PACK
Heroes &amp; Legends: Conquerors of Kolhar,Heroes & Legends: Conquerors of Kolhar
Altitude0: Lower &amp; Faster,Altitude0: Lower & Faster
The Interactive Adventures of Dog Mendonça &amp; Pizzaboy®,The Interactive Adventures of Dog Mendonça & Pizzaboy®
Fantasy Grounds - C&amp;C: Rune Lore,Fantasy Grounds - C&C: Rune Lore
100% Orange Juice - Saki &amp; Kyousuke Character Pack,100% Orange Juice - Saki & Kyousuke Character Pack
Mechs &amp; Mercs: Black Talons,Mechs & Mercs: Black Talons
Pixel Heroes: Byte &amp; Magic,Pixel Heroes: Byte & Magic
The Legend of Candlewind: Nights &amp; Candles,The Legend of Candlewind: Nights & Candles
"DW8E: Edit Parts - Face, Hair &amp; Accessary Pack","DW8E: Edit Parts - Face, Hair & Accessary Pack"
Three Fourths Home: Extended Edition - Art Book &amp; Soundtrack,Three Fourths Home: Extended Edition - Art Book & Soundtrack
Claws &amp; Feathers,Claws & Feathers
Fantasy Grounds - D&amp;D Paladin Class Pack,Fantasy Grounds - D&D Paladin Class Pack
Fantasy Grounds - D&amp;D Monk Class Pack,Fantasy Grounds - D&D Monk Class Pack
Fantasy Grounds - D&amp;D Ranger Class Pack,Fantasy Grounds - D&D Ranger Class Pack
Fantasy Grounds - D&amp;D Sorcerer Class Pack,Fantasy Grounds - D&D Sorcerer Class Pack
Fantasy Grounds - D&amp;D Warlock Class Pack,Fantasy Grounds - D&D Warlock Class Pack
Fantasy Grounds - D&amp;D Wizard Class Pack,Fantasy Grounds - D&D Wizard Class Pack
Fantasy Grounds - D&amp;D Rogue Class Pack,Fantasy Grounds - D&D Rogue Class Pack
Fantasy Grounds - D&amp;D Complete Core Monster Pack,Fantasy Grounds - D&D Complete Core Monster Pack
Fantasy Grounds - D&amp;D Lost Mine of Phandelver,Fantasy Grounds - D&D Lost Mine of Phandelver
Fantasy Grounds - D&amp;D Monster Pack - Aberrations,Fantasy Grounds - D&D Monster Pack - Aberrations
Fantasy Grounds - D&amp;D Monster Pack - Beasts,Fantasy Grounds - D&D Monster Pack - Beasts
Fantasy Grounds - D&amp;D Monster Pack - Celestials &amp; Fiends,Fantasy Grounds - D&D Monster Pack - Celestials & Fiends
Fantasy Grounds - D&amp;D Monster Pack - Dragons,Fantasy Grounds - D&D Monster Pack - Dragons
Fantasy Grounds - D&amp;D Monster Pack - Fey &amp; Giants,Fantasy Grounds - D&D Monster Pack - Fey & Giants
Fantasy Grounds - D&amp;D Monster Pack - Humanoids,Fantasy Grounds - D&D Monster Pack - Humanoids
Fantasy Grounds - D&amp;D Monster Pack - Monstrosities,Fantasy Grounds - D&D Monster Pack - Monstrosities
"Fantasy Grounds - D&amp;D Monster Pack - Oozes, Plants &amp; Swarms","Fantasy Grounds - D&D Monster Pack - Oozes, Plants & Swarms"
Fantasy Grounds - D&amp;D Monster Pack - Undead,Fantasy Grounds - D&D Monster Pack - Undead
Fantasy Grounds - D&amp;D Monster Pack - Constructs &amp; Elementals,Fantasy Grounds - D&D Monster Pack - Constructs & Elementals
Tropical Paradise Costume &amp; Movie Set,Tropical Paradise Costume & Movie Set
Karmaflow: The Rock Opera Videogame - Act I &amp; Act II,Karmaflow: The Rock Opera Videogame - Act I & Act II
NEON STRUCT Soundtrack &amp; Artbook,NEON STRUCT Soundtrack & Artbook
BADLAND: Game of the Year Edition - Digital Art Booklet &amp; Ambient Soundtrack,BADLAND: Game of the Year Edition - Digital Art Booklet & Ambient Soundtrack
Fox &amp; Flock,Fox & Flock
100% Orange Juice - Krila &amp; Kae Character Pack,100% Orange Juice - Krila & Kae Character Pack
Train Simulator: Weardale &amp; Teesdale Network Route Add-On,Train Simulator: Weardale & Teesdale Network Route Add-On
D&amp;RGW F7 Add-On Livery,D&RGW F7 Add-On Livery
Fantasy Grounds - D&amp;D Elemental Evil Player's Companion,Fantasy Grounds - D&D Elemental Evil Player's Companion
Breach &amp; Clear: Deadline Rebirth (2016),Breach & Clear: Deadline Rebirth (2016)
Cradle - Soundtrack &amp; Artbook,Cradle - Soundtrack & Artbook
Rocksmith® 2014 – Bill Haley &amp; His Comets - “Rock Around the Clock”,Rocksmith® 2014 – Bill Haley & His Comets - “Rock Around the Clock”
100% Orange Juice - Alte &amp; Kyoko Character Pack,100% Orange Juice - Alte & Kyoko Character Pack
Fantasy Grounds - D&amp;D Scourge of the Sword Coast,Fantasy Grounds - D&D Scourge of the Sword Coast
Car Mechanic Simulator 2015 - PickUp &amp; SUV,Car Mechanic Simulator 2015 - PickUp & SUV
"Rocksmith® 2014 – Earth, Wind &amp; Fire Song Pack","Rocksmith® 2014 – Earth, Wind & Fire Song Pack"
ComiPo!: Work &amp; Training Wear,ComiPo!: Work & Training Wear
Might &amp; Magic® Heroes® VII,Might & Magic® Heroes® VII
Swords &amp; Crossbones: An Epic Pirate Story,Swords & Crossbones: An Epic Pirate Story
Devils &amp; Demons,Devils & Demons
Void &amp; Meddler - Season Pass,Void & Meddler - Season Pass
Hit &amp; Run,Hit & Run
Void &amp; Meddler - Soundtrack Ep. 1,Void & Meddler - Soundtrack Ep. 1
FSX: Steam Edition - Embraer E-Jets 175 &amp; 195 Add-On,FSX: Steam Edition - Embraer E-Jets 175 & 195 Add-On
"Just Cause™ 3 DLC: Air, Land &amp; Sea Expansion Pass","Just Cause™ 3 DLC: Air, Land & Sea Expansion Pass"
Fantasy Grounds - D&amp;D Complete Dungeon Master's Guide,Fantasy Grounds - D&D Complete Dungeon Master's Guide
Depth - Digital Ice &amp; Fire Pack,Depth - Digital Ice & Fire Pack
The Room of Black &amp; White Soundtracks,The Room of Black & White Soundtracks
The Room of Black &amp; White,The Room of Black & White
Fantasy Grounds - D&amp;D Legacy of the Crystal Shard,Fantasy Grounds - D&D Legacy of the Crystal Shard
FSX: Steam Edition - Embraer ERJ 135LR &amp; 145XR Add-On,FSX: Steam Edition - Embraer ERJ 135LR & 145XR Add-On
RPG Maker VX Ace - Hero &amp; Daughter Artwork,RPG Maker VX Ace - Hero & Daughter Artwork
Talisman: The Horus Heresy - Heroes &amp; Villains 1,Talisman: The Horus Heresy - Heroes & Villains 1
Talisman: The Horus Heresy - Heroes &amp; Villains 2,Talisman: The Horus Heresy - Heroes & Villains 2
Cue Club 2: Pool &amp; Snooker,Cue Club 2: Pool & Snooker
Infinity Wings - Scout &amp; Grunt,Infinity Wings - Scout & Grunt
Fantasy Grounds - D&amp;D Curse of Strahd,Fantasy Grounds - D&D Curse of Strahd
Hide &amp; Hold Out - H2o,Hide & Hold Out - H2o
"States, Firms, &amp; Households","States, Firms, & Households"
Strategy &amp; Tactics: Wargame Collection,Strategy & Tactics: Wargame Collection
Squad - Original Soundtrack Vol. 1 &amp; 2,Squad - Original Soundtrack Vol. 1 & 2
Race &amp; Destroy,Race & Destroy
Cosmic Dust &amp; Rust,Cosmic Dust & Rust
Soulcaster: Part I &amp; II,Soulcaster: Part I & II
Power &amp; Revolution,Power & Revolution
Jet Spanglette (Black) &amp; Jet Spanglette (Red),Jet Spanglette (Black) & Jet Spanglette (Red)
Rocksmith® 2014 – Good Charlotte - “Girls &amp; Boys”,Rocksmith® 2014 – Good Charlotte - “Girls & Boys”
Ponytail Wig &amp; Blonde Ponytail Wig,Ponytail Wig & Blonde Ponytail Wig
Straight Pigtails &amp; Golden Straight Pigtails,Straight Pigtails & Golden Straight Pigtails
WildStar: Cute &amp; Cuddly Pack,WildStar: Cute & Cuddly Pack
Fantasy Grounds - D&amp;D Tokens Volume 1,Fantasy Grounds - D&D Tokens Volume 1
Fantasy Grounds - D&amp;D Tokens Volume 2,Fantasy Grounds - D&D Tokens Volume 2
Army of Tentacles: San Diego Comic Con 2016 Quest &amp; Item Pack,Army of Tentacles: San Diego Comic Con 2016 Quest & Item Pack
Fantasy Grounds - Daring Tales of Adventure #01 - To End All Wars &amp; Chaos on Crete (Savage Worlds),Fantasy Grounds - Daring Tales of Adventure #01 - To End All Wars & Chaos on Crete (Savage Worlds)
Train Simulator: Wakayama &amp; Sakurai Lines Route Add-On,Train Simulator: Wakayama & Sakurai Lines Route Add-On
Fantasy Grounds - Waylaid on Wayland &amp; Gunboat Diplomacy,Fantasy Grounds - Waylaid on Wayland & Gunboat Diplomacy
God'n Spy Add-on - Power &amp; Revolution DLC,God'n Spy Add-on - Power & Revolution DLC
ChuSingura46+1 S - Chapter 2 &amp; 3,ChuSingura46+1 S - Chapter 2 & 3
Modding Tool Add-on - Power &amp; Revolution DLC,Modding Tool Add-on - Power & Revolution DLC
Heart&amp;Slash,Heart&Slash
TANE DLC: CN GP9 Phase I &amp; II (2 Pack),TANE DLC: CN GP9 Phase I & II (2 Pack)
Tiger &amp; Bunny The Movie 2: The Rising,Tiger & Bunny The Movie 2: The Rising
Tiger &amp; Bunny The Movie: The Beginning,Tiger & Bunny The Movie: The Beginning
Corinne Cross's Dead &amp; Breakfast,Corinne Cross's Dead & Breakfast
Fantasy Grounds - D&amp;D Storm King's Thunder,Fantasy Grounds - D&D Storm King's Thunder
MAGIX PC Check &amp; Tuning 2017 Steam Edition,MAGIX PC Check & Tuning 2017 Steam Edition
Trick &amp; Treat - The Art Book,Trick & Treat - The Art Book
FourChords Guitar Karaoke - Bob Marley &amp; the Wailers Song Pack,FourChords Guitar Karaoke - Bob Marley & the Wailers Song Pack
ChuSingura46+1 S - Chapter 4 &amp; 5,ChuSingura46+1 S - Chapter 4 & 5
Kalen Chock Presents: Toxic Painting with Q&amp;A,Kalen Chock Presents: Toxic Painting with Q&A
Fantasy Grounds - Fields of Battle (Castles &amp; Crusades),Fantasy Grounds - Fields of Battle (Castles & Crusades)
TS Marketplace: BR Saint &amp; TPO Livery Pack Add-On,TS Marketplace: BR Saint & TPO Livery Pack Add-On
Heroes &amp; Generals,Heroes & Generals
Fantasy Grounds - C&amp;C: A8 Forsaken Mountain,Fantasy Grounds - C&C: A8 Forsaken Mountain
Train Simulator: Wherry Lines: Norwich – Great Yarmouth &amp; Lowestoft Route Add-On,Train Simulator: Wherry Lines: Norwich – Great Yarmouth & Lowestoft Route Add-On
Strategy &amp; Tactics: Wargame Collection - Vikings!,Strategy & Tactics: Wargame Collection - Vikings!
Fantasy Grounds - Beasts &amp; Barbarians Golden Edition (Savage Worlds),Fantasy Grounds - Beasts & Barbarians Golden Edition (Savage Worlds)
Void &amp; Meddler - Soundtrack Ep. 2,Void & Meddler - Soundtrack Ep. 2
Merchants &amp; Mercenaries,Merchants & Mercenaries
Edna &amp; Harvey: Harvey's New Eyes Soundtrack,Edna & Harvey: Harvey's New Eyes Soundtrack
Edna &amp; Harvey: The Breakout Soundtrack,Edna & Harvey: The Breakout Soundtrack
Rocksmith® 2014 Edition – Remastered – Stevie Ray Vaughan &amp; Double Trouble - “Pride and Joy”,Rocksmith® 2014 Edition – Remastered – Stevie Ray Vaughan & Double Trouble - “Pride and Joy”
Rocksmith® 2014 Edition – Remastered – Stevie Ray Vaughan &amp; Double Trouble Song Pack,Rocksmith® 2014 Edition – Remastered – Stevie Ray Vaughan & Double Trouble Song Pack
Rocksmith® 2014 Edition – Remastered – Stevie Ray Vaughan &amp; Double Trouble - “Texas Flood”,Rocksmith® 2014 Edition – Remastered – Stevie Ray Vaughan & Double Trouble - “Texas Flood”
Rocksmith® 2014 Edition – Remastered – Stevie Ray Vaughan &amp; Double Trouble - “Cold Shot”,Rocksmith® 2014 Edition – Remastered – Stevie Ray Vaughan & Double Trouble - “Cold Shot”
Rocksmith® 2014 Edition – Remastered – Stevie Ray Vaughan &amp; Double Trouble - “Scuttle Buttin’”,Rocksmith® 2014 Edition – Remastered – Stevie Ray Vaughan & Double Trouble - “Scuttle Buttin’”
Rocksmith® 2014 Edition – Remastered – Stevie Ray Vaughan &amp; Double Trouble - “Couldn’t Stand the Weather”,Rocksmith® 2014 Edition – Remastered – Stevie Ray Vaughan & Double Trouble - “Couldn’t Stand the Weather”
Virtual Battlemap DLC - Castles &amp; Chill,Virtual Battlemap DLC - Castles & Chill
"Fantasy Grounds - Map Adventures #2 - Plains, Deserts, &amp; Caverns (Map Pack)","Fantasy Grounds - Map Adventures #2 - Plains, Deserts, & Caverns (Map Pack)"
Fantasy Grounds - Map Adventures #1 - Forests &amp; Mountains (Map and Token Pack),Fantasy Grounds - Map Adventures #1 - Forests & Mountains (Map and Token Pack)
Strategy &amp; Tactics: Wargame Collection - USSR vs USA!,Strategy & Tactics: Wargame Collection - USSR vs USA!
Claws &amp; Feathers 2,Claws & Feathers 2
Twilight Struggle - Turn Zero &amp; Promo Cards,Twilight Struggle - Turn Zero & Promo Cards
100% Orange Juice - Nath &amp; Tomato+Mimyuu Character Pack,100% Orange Juice - Nath & Tomato+Mimyuu Character Pack
Rise &amp; Shine,Rise & Shine
Professional Farmer 2017 - Cattle &amp; Cultivation,Professional Farmer 2017 - Cattle & Cultivation
Commands &amp; Colors: The Great War,Commands & Colors: The Great War
Fantasy Grounds - D&amp;D Lair Assault: Forge of the Dawn Titan,Fantasy Grounds - D&D Lair Assault: Forge of the Dawn Titan
Tiles &amp; Tales,Tiles & Tales
Fantasy Grounds - A6 Of Banishment &amp; Blight (Castles and Crusades),Fantasy Grounds - A6 Of Banishment & Blight (Castles and Crusades)
Train Simulator: Clear Creek Log &amp; Lumber Expansion Pack Add-On,Train Simulator: Clear Creek Log & Lumber Expansion Pack Add-On
Fantasy Grounds - Monster &amp; Treasure of Airhde (Castles &amp; Crusades),Fantasy Grounds - Monster & Treasure of Airhde (Castles & Crusades)
Fantasy Grounds - Castellan's Guide to Arms &amp; Armor (Castles &amp; Crusades),Fantasy Grounds - Castellan's Guide to Arms & Armor (Castles & Crusades)
Eraser &amp; Builder,Eraser & Builder
Train Simulator: North London &amp; Goblin Lines Add-On,Train Simulator: North London & Goblin Lines Add-On
Clicker Heroes: Boxy &amp; Bloop Auto Clicker,Clicker Heroes: Boxy & Bloop Auto Clicker
Photo &amp; Graphic Designer 12 Steam Edition,Photo & Graphic Designer 12 Steam Edition
"Buccaneers, Bounty &amp; Boom!","Buccaneers, Bounty & Boom!"
Fantasy Grounds - D&amp;D Tales from the Yawning Portal,Fantasy Grounds - D&D Tales from the Yawning Portal
Rytmik Ultimate – Voice &amp; Acoustic Expansion,Rytmik Ultimate – Voice & Acoustic Expansion
Steam: Rails to Riches - Belgium &amp; Luxembourg Map,Steam: Rails to Riches - Belgium & Luxembourg Map
Civilization VI - Persia and Macedon Civilization &amp; Scenario Pack,Civilization VI - Persia and Macedon Civilization & Scenario Pack
SCALPERS: Turtle &amp; the Moonshine Gang,SCALPERS: Turtle & the Moonshine Gang
100% Orange Juice - Kiriko &amp; NoName Pack,100% Orange Juice - Kiriko & NoName Pack
Train Simulator: North Jersey Coast &amp; Morristown Lines Route Add-On,Train Simulator: North Jersey Coast & Morristown Lines Route Add-On
Rocksmith® 2014 Edition – Remastered – Bob Marley &amp; The Wailers Song Pack,Rocksmith® 2014 Edition – Remastered – Bob Marley & The Wailers Song Pack
Rocksmith® 2014 Edition – Remastered – Bob Marley &amp; The Wailers - “Redemption Song”,Rocksmith® 2014 Edition – Remastered – Bob Marley & The Wailers - “Redemption Song”
Rocksmith® 2014 Edition – Remastered – Bob Marley &amp; The Wailers - “Could You Be Loved”,Rocksmith® 2014 Edition – Remastered – Bob Marley & The Wailers - “Could You Be Loved”
Rocksmith® 2014 Edition – Remastered – Bob Marley &amp; The Wailers - “Buffalo Soldier”,Rocksmith® 2014 Edition – Remastered – Bob Marley & The Wailers - “Buffalo Soldier”
Fantasy Grounds - I1 Into the Unknown: Vakhund (Castles &amp; Crusades),Fantasy Grounds - I1 Into the Unknown: Vakhund (Castles & Crusades)
Spiritual Warfare &amp; Wisdom Tree Collection,Spiritual Warfare & Wisdom Tree Collection
theHunter™: Call of the Wild - Tents &amp; Ground Blinds,theHunter™: Call of the Wild - Tents & Ground Blinds
Skylar &amp; Plux: Adventure On Clover Island,Skylar & Plux: Adventure On Clover Island
Naruto Spin-Off: Rock Lee &amp; His Ninja Pals,Naruto Spin-Off: Rock Lee & His Ninja Pals
White Noise 2 - Corey &amp; Shaira,White Noise 2 - Corey & Shaira
Fantasy Grounds - Online Gaming Pack #1: Animals &amp; Aberrations,Fantasy Grounds - Online Gaming Pack #1: Animals & Aberrations
Chapter &amp; Verse,Chapter & Verse
Trainz Route: Port Zyd &amp; Fulazturn Railroad,Trainz Route: Port Zyd & Fulazturn Railroad
Fantasy Grounds - Online Gaming #10: Plants &amp; Vermin (Token Pack),Fantasy Grounds - Online Gaming #10: Plants & Vermin (Token Pack)
"Fantasy Grounds - Gaming #7: Constructs, Elementals, &amp; Fey (Token Pack)","Fantasy Grounds - Gaming #7: Constructs, Elementals, & Fey (Token Pack)"
Fantasy Grounds - Gaming #5: Dragons &amp; Giants (Token Pack),Fantasy Grounds - Gaming #5: Dragons & Giants (Token Pack)
Fantasy Grounds - Gaming #9: Monstrous Humanoids &amp; Outsiders (Token Pack),Fantasy Grounds - Gaming #9: Monstrous Humanoids & Outsiders (Token Pack)
"Libra of the Vampire Princess: Lycoris &amp; Aoi in ""The Promise"" PLUS Iris in ""Homeworld""","Libra of the Vampire Princess: Lycoris & Aoi in ""The Promise"" PLUS Iris in ""Homeworld"""
Fantasy Grounds - Dungeons &amp; Dragons: Shackles of Blood,Fantasy Grounds - Dungeons & Dragons: Shackles of Blood
"Gray Skies, Dark Waters Soundtrack &amp; Art Book","Gray Skies, Dark Waters Soundtrack & Art Book"
Fantasy Grounds - Underworld Races &amp; Classes (5E),Fantasy Grounds - Underworld Races & Classes (5E)
Fantasy Grounds - Underworld Races &amp; Classes (PFRPG),Fantasy Grounds - Underworld Races & Classes (PFRPG)
Galaxy of Pen &amp; Paper,Galaxy of Pen & Paper
FSX Steam Edition: Farm Strips Vol 3: South West England &amp; Wales Add-On,FSX Steam Edition: Farm Strips Vol 3: South West England & Wales Add-On
The Braves &amp; Bows,The Braves & Bows
Slice&amp;Dice,Slice&Dice
Fantasy Grounds - B07: Beauty &amp; Blood (5E),Fantasy Grounds - B07: Beauty & Blood (5E)
Trivia Vault: Science &amp; History Trivia,Trivia Vault: Science & History Trivia
&gt;observer_,>observer_
Fantasy Grounds - The Malefactor Class: Revised &amp; Expanded (5E),Fantasy Grounds - The Malefactor Class: Revised & Expanded (5E)
Aliens&amp;Asteroids,Aliens&Asteroids
Rock of Ages 2: Bigger &amp; Boulder™,Rock of Ages 2: Bigger & Boulder™
Tribal Pass - OST &amp; Art,Tribal Pass - OST & Art
TEKKEN 7 DLC 1 Ultimate TEKKEN BOWL &amp; Additional Costumes,TEKKEN 7 DLC 1 Ultimate TEKKEN BOWL & Additional Costumes
Trivia Vault: Science &amp; History Trivia 2,Trivia Vault: Science & History Trivia 2
Rocksmith® 2014 Edition – Remastered – Huey Lewis &amp; The News - “Hip To Be Square”,Rocksmith® 2014 Edition – Remastered – Huey Lewis & The News - “Hip To Be Square”
The Surge - Fire &amp; Ice Weapon Pack,The Surge - Fire & Ice Weapon Pack
Mad Age &amp; This Guy,Mad Age & This Guy
Flight Sim World: View &amp; Slew Add-On,Flight Sim World: View & Slew Add-On
FourChords Guitar Karaoke - Years &amp; Years,FourChords Guitar Karaoke - Years & Years
Fantasy Grounds - D&amp;D Xanathar's Guide to Everything,Fantasy Grounds - D&D Xanathar's Guide to Everything
001 Game Creator - Point &amp; Click Adventure Kit,001 Game Creator - Point & Click Adventure Kit
Miles &amp; Kilo,Miles & Kilo
GoPlay Editor - Amazing Game Recorder &amp; Video Editor,GoPlay Editor - Amazing Game Recorder & Video Editor
Instinct Coin &amp; Madhouse Mode Unlock,Instinct Coin & Madhouse Mode Unlock
Attack Coin &amp; Madhouse Mode Unlock,Attack Coin & Madhouse Mode Unlock
Defense Coin &amp; Madhouse Mode Unlock,Defense Coin & Madhouse Mode Unlock
Reload Coin &amp; Madhouse Mode Unlock,Reload Coin & Madhouse Mode Unlock
Universal Coin &amp; Madhouse Mode Unlock,Universal Coin & Madhouse Mode Unlock
Trainz Route: Cornish Mainline &amp; Branches,Trainz Route: Cornish Mainline & Branches
FSX Steam Edition: View &amp; Slew Add-On,FSX Steam Edition: View & Slew Add-On
Hidden &amp; Dangerous 2: Courage Under Fire,Hidden & Dangerous 2: Courage Under Fire
Hidden &amp; Dangerous: Action Pack,Hidden & Dangerous: Action Pack
100% Orange Juice - Yuki &amp; Tomomo Renewal Pack,100% Orange Juice - Yuki & Tomomo Renewal Pack
Rocksmith® 2014 Edition – Remastered – Johnny Cash &amp; June Carter - “Jackson”,Rocksmith® 2014 Edition – Remastered – Johnny Cash & June Carter - “Jackson”
M.A.X. 2: Mechanized Assault &amp; Exploration,M.A.X. 2: Mechanized Assault & Exploration
Bud Spencer &amp; Terence Hill - Slaps And Beans,Bud Spencer & Terence Hill - Slaps And Beans
Horse Paradise - Mystic Cave &amp; Paradise Cove Expansion Pack,Horse Paradise - Mystic Cave & Paradise Cove Expansion Pack
FSX Steam Edition: Toposim China &amp; Mongolia Add-On,FSX Steam Edition: Toposim China & Mongolia Add-On
Fearful Symmetry &amp; The Cursed Prince,Fearful Symmetry & The Cursed Prince
Tokyo Xanadu eX+: Outfit &amp; Accessory Bundle,Tokyo Xanadu eX+: Outfit & Accessory Bundle
"FSX Steam Edition: Toposim Japan, Korea &amp; Taiwan Add-On","FSX Steam Edition: Toposim Japan, Korea & Taiwan Add-On"
The Francy Droo &amp; Friends Collection,The Francy Droo & Friends Collection
Cattails Original Soundtrack &amp; Deluxe Content,Cattails Original Soundtrack & Deluxe Content
Grim Legends 3: The Dark City - Artbook &amp; Soundtrack,Grim Legends 3: The Dark City - Artbook & Soundtrack
Enigmatis 3: The Shadow of Karkhala - Artbook &amp; Soundtrack,Enigmatis 3: The Shadow of Karkhala - Artbook & Soundtrack
Carcassonne - Tiles &amp; Tactics,Carcassonne - Tiles & Tactics
Divide &amp; Conquer,Divide & Conquer
STAR OCEAN™ - THE LAST HOPE -™ 4K &amp; Full HD Remaster,STAR OCEAN™ - THE LAST HOPE -™ 4K & Full HD Remaster
C64 &amp; AMIGA Classix Remakes Sixpack 2,C64 & AMIGA Classix Remakes Sixpack 2
CRUSH &amp; SQUASH,CRUSH & SQUASH
Eventide 2: Sorcerer's Mirror - Artbook &amp; Soundtrack,Eventide 2: Sorcerer's Mirror - Artbook & Soundtrack
"Gremlins, Inc. – Card Game, Print &amp; Play Set","Gremlins, Inc. – Card Game, Print & Play Set"
Fluffy Friends 2 - Wallpapers &amp; OST,Fluffy Friends 2 - Wallpapers & OST
Mysterium - Secrets &amp; Lies,Mysterium - Secrets & Lies
ATV Drift &amp; Tricks,ATV Drift & Tricks
kuso - Original Soundtrack &amp; Ephemera,kuso - Original Soundtrack & Ephemera
Dresden Files Cooperative Card Game - Mouse &amp; Variants,Dresden Files Cooperative Card Game - Mouse & Variants
Knight’s &amp; Magic,Knight’s & Magic
Fishing Planet: Gars&amp;Glory Pack,Fishing Planet: Gars&Glory Pack
Mountains &amp; Clouds Jewel Match,Mountains & Clouds Jewel Match
Civilization VI - Khmer and Indonesia Civilization &amp; Scenario Pack,Civilization VI - Khmer and Indonesia Civilization & Scenario Pack
Left&amp;Right,Left&Right
Heliborne - Czech &amp; Slovak Air Force Camouflage Pack,Heliborne - Czech & Slovak Air Force Camouflage Pack
Vampires! - Wallpapers &amp; OST,Vampires! - Wallpapers & OST
Rocket League® – Fast &amp; Furious™ '99 Nissan Skyline GT-R R34,Rocket League® – Fast & Furious™ '99 Nissan Skyline GT-R R34
Rocket League® – Fast &amp; Furious™ '70 Dodge® Charger R/T,Rocket League® – Fast & Furious™ '70 Dodge® Charger R/T
Hanako: Honor &amp; Blade,Hanako: Honor & Blade
Fantasy Grounds - D&amp;D The Tortle Package,Fantasy Grounds - D&D The Tortle Package
Fantasy Grounds - Token Pack 94: Deitys &amp; Devils 2 (Token Pack),Fantasy Grounds - Token Pack 94: Deitys & Devils 2 (Token Pack)
Pinball FX3 - Iron &amp; Steel Pack,Pinball FX3 - Iron & Steel Pack
Fantasy Grounds - D&amp;D Tomb of Annihilation,Fantasy Grounds - D&D Tomb of Annihilation
MAGIX PC Check &amp; Tuning 2018 Steam Edition,MAGIX PC Check & Tuning 2018 Steam Edition
TS Marketplace: North Jersey Coast &amp; Morristown Lines Scenario Pack 01 Add-On,TS Marketplace: North Jersey Coast & Morristown Lines Scenario Pack 01 Add-On
D&amp;D Lords of Waterdeep,D&D Lords of Waterdeep
D&amp;D Lords of Waterdeep: Skullport expansion,D&D Lords of Waterdeep: Skullport expansion
D&amp;D Lords of Waterdeep: Undermountain expansion,D&D Lords of Waterdeep: Undermountain expansion
Fantasy Grounds - The Malefactor Class: Revised &amp; Expanded (PFRPG),Fantasy Grounds - The Malefactor Class: Revised & Expanded (PFRPG)
Jack &amp; the cat,Jack & the cat
Fantasy Grounds - Demon Cults &amp; Secret Societies (5E),Fantasy Grounds - Demon Cults & Secret Societies (5E)
The Braves &amp; Bows Soundtrack,The Braves & Bows Soundtrack
Castles II: Siege &amp; Conquest,Castles II: Siege & Conquest
C64 &amp; AMIGA Classix Remakes Sixpack,C64 & AMIGA Classix Remakes Sixpack
Strategy &amp; Tactics: Dark Ages,Strategy & Tactics: Dark Ages
Thrust &amp; Shoot : Flight School,Thrust & Shoot : Flight School
Galaxy of Pen &amp; Paper - OST,Galaxy of Pen & Paper - OST
Civilization VI - Nubia Civilization &amp; Scenario Pack,Civilization VI - Nubia Civilization & Scenario Pack
Mech Tutorial - 3Ds Max &amp; Substance Painter,Mech Tutorial - 3Ds Max & Substance Painter
Fantasy Grounds - Deities of the Haunted Highlands (Castles &amp; Crusades),Fantasy Grounds - Deities of the Haunted Highlands (Castles & Crusades)
Tell a Demon - Soundtrack &amp; Bonus Material,Tell a Demon - Soundtrack & Bonus Material
Fantasy Grounds - Dungeons &amp; Dragons: Harried in Hillsfar,Fantasy Grounds - Dungeons & Dragons: Harried in Hillsfar
Train Simulator: Western Sichuan Pass: Dujiangyan - Maoxian &amp; Mashancun Route Add-On,Train Simulator: Western Sichuan Pass: Dujiangyan - Maoxian & Mashancun Route Add-On
Browning &amp; Winchester Pack,Browning & Winchester Pack
Crowman &amp; Wolfboy,Crowman & Wolfboy
Might &amp; Mayhem,Might & Mayhem
Additional Character Color - Eclipse (for Answer&amp;Baiken),Additional Character Color - Eclipse (for Answer&Baiken)
Train Simulator: AT&amp;SF SD45-2 Loco Add-On,Train Simulator: AT&SF SD45-2 Loco Add-On
Fantasy Grounds - Beasts &amp; Barbarians: Death of a Tyrant (Savage Worlds),Fantasy Grounds - Beasts & Barbarians: Death of a Tyrant (Savage Worlds)
Fantasy Grounds - Online Gaming Pack #8: Undead &amp; Oozes (Token Pack),Fantasy Grounds - Online Gaming Pack #8: Undead & Oozes (Token Pack)
Chaos Town - Shape &amp; Skin Pack,Chaos Town - Shape & Skin Pack
TS Marketplace: LMS P1&amp;P2 BR Crimson &amp; Cream Coach Pack Add-On,TS Marketplace: LMS P1&P2 BR Crimson & Cream Coach Pack Add-On
TS Marketplace: LMS P1&amp;P2 BR Maroon Coach Pack Add-On,TS Marketplace: LMS P1&P2 BR Maroon Coach Pack Add-On
TS Marketplace: LMS P1&amp;P2 LMS Late Coach Pack Add-On,TS Marketplace: LMS P1&P2 LMS Late Coach Pack Add-On
TS Marketplace: LMS P1&amp;P2 LMS Early Coach Pack Add-On,TS Marketplace: LMS P1&P2 LMS Early Coach Pack Add-On
Train Simulator: B&amp;O Kingwood Branch: Tunnelton - Kingwood Route Add-On,Train Simulator: B&O Kingwood Branch: Tunnelton - Kingwood Route Add-On
Talisman: The Horus Heresy - Heroes &amp; Villains 4,Talisman: The Horus Heresy - Heroes & Villains 4
Fantasy Grounds - Dungeons &amp; Dragons - Lair Assault: Attack of the Tyrantclaw (5E),Fantasy Grounds - Dungeons & Dragons - Lair Assault: Attack of the Tyrantclaw (5E)
&gt;//:System.Hack,>//:System.Hack
Calico &amp; Co.,Calico & Co.
Apple Jack 1&amp;2,Apple Jack 1&2
"Learning Punch! Software®: Training, Tools &amp; Tutorials for V19 - Windows Version - by Patricia Gamburgo","Learning Punch! Software®: Training, Tools & Tutorials for V19 - Windows Version - by Patricia Gamburgo"
Rocksmith® 2014 Edition – Remastered – Marvin Gaye &amp; Tammi Terrell - “Ain’t No Mountain High Enough”,Rocksmith® 2014 Edition – Remastered – Marvin Gaye & Tammi Terrell - “Ain’t No Mountain High Enough”
Fantasy Grounds - Cat &amp; Mouse (5E),Fantasy Grounds - Cat & Mouse (5E)
Rocksmith® 2014 Edition – Remastered – Bob Marley &amp; The Wailers - “Is This Love”,Rocksmith® 2014 Edition – Remastered – Bob Marley & The Wailers - “Is This Love”
"Rocksmith® 2014 Edition – Remastered – Bob Marley &amp; The Wailers - “No Woman, No Cry”","Rocksmith® 2014 Edition – Remastered – Bob Marley & The Wailers - “No Woman, No Cry”"
Fantasy Grounds - Expanding Classes (Castles &amp; Crusades),Fantasy Grounds - Expanding Classes (Castles & Crusades)
M.A.X.: Mechanized Assault &amp; Exploration,M.A.X.: Mechanized Assault & Exploration
Fantasy Grounds - Deities &amp; Devils (Token Pack),Fantasy Grounds - Deities & Devils (Token Pack)
One Eyed Kutkh Artbook &amp; OST,One Eyed Kutkh Artbook & OST
Punch! Home &amp; Landscape Design Essentials v19,Punch! Home & Landscape Design Essentials v19
Fantasy Grounds - Beasts &amp; Barbarians: Garden of Death (Savage Worlds),Fantasy Grounds - Beasts & Barbarians: Garden of Death (Savage Worlds)
FSX Steam Edition: Grumman F4F Wildcat &amp; Martlet Add-On,FSX Steam Edition: Grumman F4F Wildcat & Martlet Add-On
Fantasy Grounds - Perilous Places &amp; Serious Situations (Savage Worlds),Fantasy Grounds - Perilous Places & Serious Situations (Savage Worlds)
Otome Romance Jigsaws - Midnight Cinderella &amp; Destined to Love,Otome Romance Jigsaws - Midnight Cinderella & Destined to Love
Civilization VI - Australia Civilization &amp; Scenario Pack,Civilization VI - Australia Civilization & Scenario Pack
Herald: An Interactive Period Drama - Book I &amp; II,Herald: An Interactive Period Drama - Book I & II
Fantasy Grounds - CS1 After Winter's Dark: Aihrde Setting (Castles &amp; Crusades),Fantasy Grounds - CS1 After Winter's Dark: Aihrde Setting (Castles & Crusades)
Fantasy Grounds - The Black Libram of Natarus (Castles &amp; Crusades),Fantasy Grounds - The Black Libram of Natarus (Castles & Crusades)
Fantasy Grounds - DB2 Crater of Umeshti (Castles &amp; Crusades),Fantasy Grounds - DB2 Crater of Umeshti (Castles & Crusades)
Fantasy Grounds - D&amp;D Lair Assault: Talon of Umberlee,Fantasy Grounds - D&D Lair Assault: Talon of Umberlee
Fantasy Grounds - Outpost (Castles &amp; Crusades),Fantasy Grounds - Outpost (Castles & Crusades)
100% Orange Juice - Suguri &amp; Hime Winter Costumes,100% Orange Juice - Suguri & Hime Winter Costumes
2017 Edition Add-on - Power &amp; Revolution DLC,2017 Edition Add-on - Power & Revolution DLC
Toricky - OST by Hiroki Kikuta &amp; Dale North,Toricky - OST by Hiroki Kikuta & Dale North
Bunny &amp; Piggy - New Year Edition,Bunny & Piggy - New Year Edition
Rocksmith® 2014 Edition – Remastered – The Mamas &amp; The Papas - “California Dreamin’”,Rocksmith® 2014 Edition – Remastered – The Mamas & The Papas - “California Dreamin’”
Rocksmith® 2014 Edition – Remastered – Booker T. &amp; the M.G.’s - “Green Onions”,Rocksmith® 2014 Edition – Remastered – Booker T. & the M.G.’s - “Green Onions”
Civilization VI - Poland Civilization &amp; Scenario Pack,Civilization VI - Poland Civilization & Scenario Pack
Pixel Puzzles Ultimate - Puzzle Pack: Snow &amp; Ice,Pixel Puzzles Ultimate - Puzzle Pack: Snow & Ice
Bunny &amp; Piggy,Bunny & Piggy
Blade &amp; Bones,Blade & Bones
Project Abyss - Art &amp; Music Collection,Project Abyss - Art & Music Collection
RPG Tycoon: Supply &amp; Demand,RPG Tycoon: Supply & Demand
Doom &amp; Destiny Advanced,Doom & Destiny Advanced
Fantasy Grounds - Deadlands: The 1880 Smith &amp; Robards Catalog,Fantasy Grounds - Deadlands: The 1880 Smith & Robards Catalog
Fantasy Grounds - D&amp;D Volo's Guide to Monsters,Fantasy Grounds - D&D Volo's Guide to Monsters
Clouds &amp; Sheep 2,Clouds & Sheep 2
Fantasy Grounds - C&amp;C: A7 The Despairing Stone,Fantasy Grounds - C&C: A7 The Despairing Stone
Fantasy Grounds - C&amp;C: A9 The Helm of Night,Fantasy Grounds - C&C: A9 The Helm of Night
Fantasy Grounds - D&amp;D Map Pack Volume 1,Fantasy Grounds - D&D Map Pack Volume 1
Fantasy Grounds - Castles &amp; Crusades: Town of Kalas,Fantasy Grounds - Castles & Crusades: Town of Kalas
Rocksmith® 2014 – Bob Marley &amp; The Wailers - “Three Little Birds”,Rocksmith® 2014 – Bob Marley & The Wailers - “Three Little Birds”
"Axe, Bow &amp; Staff","Axe, Bow & Staff"
Dungeons &amp; Darkness,Dungeons & Darkness
Trick &amp; Treat,Trick & Treat
Train Simulator: GWR Saint Class &amp; Travelling Post Office Loco Add-On,Train Simulator: GWR Saint Class & Travelling Post Office Loco Add-On
Talisman: The Horus Heresy - Heroes &amp; Villains 3,Talisman: The Horus Heresy - Heroes & Villains 3
X-Ray &amp; Vav: Seasons 1 &amp; 2,X-Ray & Vav: Seasons 1 & 2
"Hack, Slash &amp; Backstab","Hack, Slash & Backstab"
TANE DLC: ITC GP7 Phase I &amp; II (2 Pack),TANE DLC: ITC GP7 Phase I & II (2 Pack)
Heart&amp;Slash Soundtrack,Heart&Slash Soundtrack
Fantasy Grounds - Malevolent &amp; Benign (PFRPG),Fantasy Grounds - Malevolent & Benign (PFRPG)
Pixel Heroes: Byte &amp; Magic - Soundtrack,Pixel Heroes: Byte & Magic - Soundtrack
Men &amp; Chicken,Men & Chicken
"NOT A HERO - ME, MYSELF &amp; BUNNYLORD","NOT A HERO - ME, MYSELF & BUNNYLORD"
Kitten Mittens &amp; Fuzzy Leggings,Kitten Mittens & Fuzzy Leggings
Pale Blue Gullwings &amp; Pale Blue Visor,Pale Blue Gullwings & Pale Blue Visor
Pale Pink Gullwings &amp; Pale Pink Visor,Pale Pink Gullwings & Pale Pink Visor
Short Bob &amp; Golden Short Bob,Short Bob & Golden Short Bob
THE NINJA (Purple) &amp; THE NINJA (Green),THE NINJA (Purple) & THE NINJA (Green)
Wavy Medium 'Do &amp; Golden Wavy Medium 'Do,Wavy Medium 'Do & Golden Wavy Medium 'Do
Wavy Side Tail &amp; Golden Wavy Side Tail,Wavy Side Tail & Golden Wavy Side Tail
Wolf's Hair &amp; Golden Wolf's Hair,Wolf's Hair & Golden Wolf's Hair
Rocksmith® 2014 – Brooks &amp; Dunn - “Only In America”,Rocksmith® 2014 – Brooks & Dunn - “Only In America”
Empty Soul - S&amp;S Edition,Empty Soul - S&S Edition
Voluminous Ponytail &amp; Golden Voluminous Ponytail,Voluminous Ponytail & Golden Voluminous Ponytail
Authentic Bunny &amp; Fetish Bunny,Authentic Bunny & Fetish Bunny
Cool Short 'Do &amp; Golden Cool Short 'Do,Cool Short 'Do & Golden Cool Short 'Do
Long Ponytail &amp; Golden Long Ponytail,Long Ponytail & Golden Long Ponytail
Cutie Marine (Blue) &amp; Cutie Marine (Yellow),Cutie Marine (Blue) & Cutie Marine (Yellow)
GaGaGa Ribbon Golden &amp; GaGaGa Ribbon,GaGaGa Ribbon Golden & GaGaGa Ribbon
RPG Maker MV - RM2k Rearrange Soundtrack &amp; SE,RPG Maker MV - RM2k Rearrange Soundtrack & SE
RPG Maker VX Ace - Action &amp; Battle Themes,RPG Maker VX Ace - Action & Battle Themes
Amazonic Green &amp; Amazonic Turquoise,Amazonic Green & Amazonic Turquoise
Fizzy &amp; Dizzy (Berry) &amp; Fizzy &amp; Dizzy (Cider),Fizzy & Dizzy (Berry) & Fizzy & Dizzy (Cider)
"Axe, Bow &amp; Staff: The Soundtrack","Axe, Bow & Staff: The Soundtrack"
Atulos Online - Reaper &amp; Orc,Atulos Online - Reaper & Orc
RPG Maker MV - Medieval: Town &amp; Country,RPG Maker MV - Medieval: Town & Country
TANE DLC: C&amp;O 2-6-6-6 H8 - New River Mining Coal Run,TANE DLC: C&O 2-6-6-6 H8 - New River Mining Coal Run
Heartomics: Slime &amp; Friends,Heartomics: Slime & Friends
Jerry Rice &amp; Nitus' Dog Football,Jerry Rice & Nitus' Dog Football
TANE DLC: Chicago &amp; North Western GE C40-8,TANE DLC: Chicago & North Western GE C40-8
Nameless ~Black &amp; White Christmas~,Nameless ~Black & White Christmas~
100% Orange Juice - Sham &amp; Sherry Character Pack,100% Orange Juice - Sham & Sherry Character Pack
Might &amp; Magic Heroes Online,Might & Magic Heroes Online
Fantasy Grounds - D&amp;D Sword Coast Adventurer's Guide,Fantasy Grounds - D&D Sword Coast Adventurer's Guide
Black &amp; White Bushido,Black & White Bushido
Fantasy Grounds - D&amp;D Rage of Demons: Out of the Abyss,Fantasy Grounds - D&D Rage of Demons: Out of the Abyss
"Rocksmith® 2014 – Earth, Wind &amp; Fire - “September”","Rocksmith® 2014 – Earth, Wind & Fire - “September”"
"Rocksmith® 2014 – Earth, Wind &amp; Fire - “Shining Star”","Rocksmith® 2014 – Earth, Wind & Fire - “Shining Star”"
"Rocksmith® 2014 – Earth, Wind &amp; Fire - “Sing A Song”","Rocksmith® 2014 – Earth, Wind & Fire - “Sing A Song”"
Knight &amp; Damsel,Knight & Damsel
Knight &amp; Damsel Soundtrack - Maggie McLean,Knight & Damsel Soundtrack - Maggie McLean
Train Simulator: D&amp;RGW SD50 Loco Add-On,Train Simulator: D&RGW SD50 Loco Add-On
Baltimore &amp; Ohio Wagon Pack,Baltimore & Ohio Wagon Pack
AKIBA'S TRIP: Undead &amp;amp; Undressed Demo,AKIBA'S TRIP: Undead &amp; Undressed Demo
Professor Teaches® OneNote 2013 &amp; 365,Professor Teaches® OneNote 2013 & 365
Professor Teaches® Access 2013 &amp; 365,Professor Teaches® Access 2013 & 365
Professor Teaches® PowerPoint 2013 &amp; 365,Professor Teaches® PowerPoint 2013 & 365
Professor Teaches® Outlook 2013 &amp; 365,Professor Teaches® Outlook 2013 & 365
Train Simulator: D&amp;RGW SD9 Loco Add-On,Train Simulator: D&RGW SD9 Loco Add-On
Fantasy Grounds - D&amp;D Princes of the Apocalypse,Fantasy Grounds - D&D Princes of the Apocalypse
Warriors &amp; Castles,Warriors & Castles
Professor Teaches® Excel 2013 &amp; 365,Professor Teaches® Excel 2013 & 365
Professor Teaches® Word 2013 &amp; 365,Professor Teaches® Word 2013 & 365
Lady &amp; Trish Costumes,Lady & Trish Costumes
Fantasy Grounds - Dungeons &amp; Dragons: The Rise of Tiamat,Fantasy Grounds - Dungeons & Dragons: The Rise of Tiamat
Rocksmith® 2014 – Queens Of The Stone Age - “3s &amp; 7s”,Rocksmith® 2014 – Queens Of The Stone Age - “3s & 7s”
UFHO2 - Making Of &amp; Extras,UFHO2 - Making Of & Extras
Unlimited Escape 3 &amp; 4 Double Pack,Unlimited Escape 3 & 4 Double Pack
Fantasy Grounds - D&amp;D Hoard of the Dragon Queen,Fantasy Grounds - D&D Hoard of the Dragon Queen
"Guns, Gore &amp; Cannoli","Guns, Gore & Cannoli"
Narcissu 1st &amp; 2nd,Narcissu 1st & 2nd
Mysteries &amp; Nightmares: Morgiana,Mysteries & Nightmares: Morgiana
Fantasy Grounds - D&amp;D Basic Rules and Theme,Fantasy Grounds - D&D Basic Rules and Theme
Fantasy Grounds - D&amp;D Complete Core Class Pack,Fantasy Grounds - D&D Complete Core Class Pack
Fantasy Grounds - D&amp;D Character Customization Pack,Fantasy Grounds - D&D Character Customization Pack
Fantasy Grounds - D&amp;D Barbarian Class Pack,Fantasy Grounds - D&D Barbarian Class Pack
Fantasy Grounds - D&amp;D Cleric Class Pack,Fantasy Grounds - D&D Cleric Class Pack
Fantasy Grounds - D&amp;D Bard Class Pack,Fantasy Grounds - D&D Bard Class Pack
Fantasy Grounds - D&amp;D Druid Class Pack,Fantasy Grounds - D&D Druid Class Pack
Fantasy Grounds - D&amp;D Fighter Class Pack,Fantasy Grounds - D&D Fighter Class Pack
Doom &amp; Destiny,Doom & Destiny
Total War: ATTILA - Blood &amp; Burning,Total War: ATTILA - Blood & Burning
Invisible Apartment - Soundtrack &amp; artwork,Invisible Apartment - Soundtrack & artwork
Plug &amp; Play,Plug & Play
AR-K Chapter 1&amp;2 OST,AR-K Chapter 1&2 OST
FSX: Steam Edition - VFR Real Scenery Vol. 3 (Wales &amp; SW England),FSX: Steam Edition - VFR Real Scenery Vol. 3 (Wales & SW England)
FSX: Steam Edition - VFR Real Scenery Vol. 2 (C &amp; S England),FSX: Steam Edition - VFR Real Scenery Vol. 2 (C & S England)
Fantasy Grounds - Fiery Dragon Modern &amp; Sci-Fi Token and Portrait Pack,Fantasy Grounds - Fiery Dragon Modern & Sci-Fi Token and Portrait Pack
TerraTech R&amp;D Pack,TerraTech R&D Pack
Heroes® of Might &amp; Magic® III - HD Edition,Heroes® of Might & Magic® III - HD Edition
Rocksmith® 2014 – Rick Derringer - “Rock &amp; Roll Hoochie Koo”,Rocksmith® 2014 – Rick Derringer - “Rock & Roll Hoochie Koo”
Mount &amp; Blade: Warband - Viking Conquest Reforged Edition,Mount & Blade: Warband - Viking Conquest Reforged Edition
Chuck's Challenge 3D: Soundtrack &amp; DLC,Chuck's Challenge 3D: Soundtrack & DLC
Fantasy Grounds - C&amp;C: A1 Assault on Blacktooth Ridge,Fantasy Grounds - C&C: A1 Assault on Blacktooth Ridge
Fantasy Grounds - C&amp;C: A2 Slag Heap,Fantasy Grounds - C&C: A2 Slag Heap
Fantasy Grounds - C&amp;C: A3 The Wicked Cauldron,Fantasy Grounds - C&C: A3 The Wicked Cauldron
Fantasy Grounds - C&amp;C: A4 Usurpers of the Fell Axe,Fantasy Grounds - C&C: A4 Usurpers of the Fell Axe
Fantasy Grounds - C&amp;C: A5 The Shattered Horn,Fantasy Grounds - C&C: A5 The Shattered Horn
"Warlock 2: The Good, the Bad, &amp; the Muddy","Warlock 2: The Good, the Bad, & the Muddy"
100% Orange Juice - Syura &amp; Nanako Character Pack,100% Orange Juice - Syura & Nanako Character Pack
GRID Autosport - Road &amp; Track Car Pack,GRID Autosport - Road & Track Car Pack
DW8XLCE - SOLDIER &amp; OFFICER UNIFORM SET,DW8XLCE - SOLDIER & OFFICER UNIFORM SET
DW8XLCE - SPECIAL COSTUME PACK 1 &amp; SPECIAL WEAPON,DW8XLCE - SPECIAL COSTUME PACK 1 & SPECIAL WEAPON
Fantasy Grounds - C&amp;C: Classic Monsters,Fantasy Grounds - C&C: Classic Monsters
Fantasy Grounds - C&amp;C: Of Gods and Monsters,Fantasy Grounds - C&C: Of Gods and Monsters
Soul Gambler: Artbook &amp; Soundtrack,Soul Gambler: Artbook & Soundtrack
Magicians &amp; Looters,Magicians & Looters
Pajama Sam's Lost &amp; Found,Pajama Sam's Lost & Found
Fantasy Grounds - Gaming Tokens &amp; Portraits Pack #3: PC's &amp; NPCs,Fantasy Grounds - Gaming Tokens & Portraits Pack #3: PC's & NPCs
Trucks &amp; Trailers,Trucks & Trailers
ibb &amp; obb,ibb & obb
ibb &amp; obb - Soundtrack by Kettel,ibb & obb - Soundtrack by Kettel
Fantasy Grounds - C&amp;C: U1 Shadows of Halfling Hall,Fantasy Grounds - C&C: U1 Shadows of Halfling Hall
Fantasy Grounds - Mutants &amp; Masterminds Ruleset,Fantasy Grounds - Mutants & Masterminds Ruleset
Fantasy Grounds - Castles &amp; Crusades Ruleset,Fantasy Grounds - Castles & Crusades Ruleset
Breach &amp; Clear - Frozen Synapse Pack,Breach & Clear - Frozen Synapse Pack
Narcissu 1st &amp; 2nd Original Sound Track,Narcissu 1st & 2nd Original Sound Track
Awesomenauts - Cynical Vinnie &amp; Total Spike Skin,Awesomenauts - Cynical Vinnie & Total Spike Skin
The Falcon &amp; The Unicorn,The Falcon & The Unicorn
My Best Friends - Cats &amp; Dogs,My Best Friends - Cats & Dogs
Breach &amp; Clear,Breach & Clear
Mining &amp; Tunneling Simulator,Mining & Tunneling Simulator
Might &amp; Magic X - Legacy,Might & Magic X - Legacy
Recovery Search &amp; Rescue Simulation,Recovery Search & Rescue Simulation
Total War: ROME II - Blood &amp; Gore,Total War: ROME II - Blood & Gore
Edna &amp; Harvey: The Breakout,Edna & Harvey: The Breakout
Tetrobot &amp; Co. Original Soundtrack,Tetrobot & Co. Original Soundtrack
Dungeons &amp; Dragons Online: Shadowfell Conspiracy,Dungeons & Dragons Online: Shadowfell Conspiracy
Painkiller Hell &amp; Damnation: Heaven's Above,Painkiller Hell & Damnation: Heaven's Above
Might &amp; Magic: Heroes VI - Shades of Darkness,Might & Magic: Heroes VI - Shades of Darkness
Train Simulator: EWS &amp; Freightliner Class 08s Loco Add-On,Train Simulator: EWS & Freightliner Class 08s Loco Add-On
"Painkiller Hell &amp; Damnation: Operation ""Zombie Bunker""","Painkiller Hell & Damnation: Operation ""Zombie Bunker"""
Train Simulator: AT&amp;N Consolidation Class 280-157 Loco Add-On,Train Simulator: AT&N Consolidation Class 280-157 Loco Add-On
Sonic and All-Stars Racing Transformed: Metal Sonic &amp; Outrun DLC,Sonic and All-Stars Racing Transformed: Metal Sonic & Outrun DLC
Painkiller Hell &amp; Damnation: The Clock Strikes Meat Night,Painkiller Hell & Damnation: The Clock Strikes Meat Night
Ys I &amp; II Chronicles+,Ys I & II Chronicles+
Painkiller Hell &amp; Damnation: Medieval Horror,Painkiller Hell & Damnation: Medieval Horror
Sonic &amp; All-Stars Racing Transformed,Sonic & All-Stars Racing Transformed
Train Simulator: Boston &amp; Maine GE 44 Loco Add-On,Train Simulator: Boston & Maine GE 44 Loco Add-On
Awesomenauts - Cap'n Vinnie &amp; Seadog Spike Skin,Awesomenauts - Cap'n Vinnie & Seadog Spike Skin
Call of Duty®: Black Ops Annihilation &amp; Escalation Bundle – Mac Edition,Call of Duty®: Black Ops Annihilation & Escalation Bundle – Mac Edition
Painkiller Hell &amp; Damnation,Painkiller Hell & Damnation
Train Simulator: Somerset &amp; Dorset Railway Route Add-On,Train Simulator: Somerset & Dorset Railway Route Add-On
Saints Row: The Third Witches &amp; Wieners Pack,Saints Row: The Third Witches & Wieners Pack
The Dream Machine: Chapter 1 &amp; 2,The Dream Machine: Chapter 1 & 2
Superbrothers: Sword &amp; Sworcery EP,Superbrothers: Sword & Sworcery EP
Mount &amp; Blade: Warband - Napoleonic Wars,Mount & Blade: Warband - Napoleonic Wars
Crazy Machines Elements DLC - Gadget Fun &amp; Tricky Riddles,Crazy Machines Elements DLC - Gadget Fun & Tricky Riddles
Train Simulator: BR Class 76 &amp; 77 Loco Add-On,Train Simulator: BR Class 76 & 77 Loco Add-On
Kingdoms of Amalur: Reckoning - Weapons &amp; Armor Bundle,Kingdoms of Amalur: Reckoning - Weapons & Armor Bundle
Might &amp; Magic: Clash of Heroes,Might & Magic: Clash of Heroes
Might &amp; Magic: Clash of Heroes - I Am the Boss DLC,Might & Magic: Clash of Heroes - I Am the Boss DLC
Mount &amp; Blade: With Fire &amp; Sword,Mount & Blade: With Fire & Sword
Axel &amp; Pixel,Axel & Pixel
Beat Hazard – iTunes &amp; m4a file support,Beat Hazard – iTunes & m4a file support
Sonic &amp; SEGA All-Stars Racing,Sonic & SEGA All-Stars Racing
Command &amp; Conquer 4: Tiberian Twilight,Command & Conquer 4: Tiberian Twilight
Train Simulator: Rascal &amp; Cottonwood Route Add-On,Train Simulator: Rascal & Cottonwood Route Add-On
Train Simulator: BNSF ES44AC &amp; SD40-2 Loco Add-On,Train Simulator: BNSF ES44AC & SD40-2 Loco Add-On
Mount &amp; Blade,Mount & Blade
SPORE™ Creepy &amp; Cute Parts Pack,SPORE™ Creepy & Cute Parts Pack
Heroes of Might &amp; Magic V,Heroes of Might & Magic V
Sam &amp; Max 203: Night of the Raving Dead,Sam & Max 203: Night of the Raving Dead
Sam &amp; Max 205: What&amp;#146;s New Beelzebub?,Sam & Max 205: What&#146;s New Beelzebub?
Sam &amp; Max 202: Moai Better Blues,Sam & Max 202: Moai Better Blues
Sam &amp; Max 201: Ice Station Santa,Sam & Max 201: Ice Station Santa
Sam &amp; Max: Season Two,Sam & Max: Season Two
Sam &amp; Max 204: Chariots of the Dogs,Sam & Max 204: Chariots of the Dogs
Sam &amp; Max: Season One,Sam & Max: Season One
"Sam &amp; Max 103: The Mole, the Mob and the Meatball","Sam & Max 103: The Mole, the Mob and the Meatball"
Sam &amp; Max 105: Reality 2.0,Sam & Max 105: Reality 2.0
Sam &amp; Max 104: Abe Lincoln Must Die!,Sam & Max 104: Abe Lincoln Must Die!
Sam &amp; Max 106: Bright Side of the Moon,Sam & Max 106: Bright Side of the Moon
Making History: The Calm &amp; the Storm,Making History: The Calm & the Storm
Dark Messiah of Might &amp; Magic,Dark Messiah of Might & Magic
